audio1-person,audio 1 - time,audio 1 - value,audio2-person,audio2-time,audio2-value,pressure1-person,pressure1-time,pressure1-value,pressure2-person,pressure2-time,pressure2-value,elevator1-person,elevator1-time,elevator1-value,elevator2-person,elevator2-time,elevator2-value
Jiacong Zhu-Audio,0.00000,3.56150,Xiaojia-Audio,0.33205,-6.20400,Fei - Pressure,0.00000,998.98270,Berj - Pressure,0.00000,1008.43650,Xijia Wang - Elevator (speed),0.14972,-1.25000,Guoliang Xu-Elevator(speed),0.14972,5.25930
Jiacong Zhu-Audio,0.20834,1.21440,Xiaojia-Audio,0.43743,-6.50600,Fei - Pressure,1.03650,998.97888,Berj - Pressure,1.01000,1008.44060,Xijia Wang - Elevator (speed),0.19961,-1.22800,Guoliang Xu-Elevator(speed),0.19963,1.36900
Jiacong Zhu-Audio,0.41668,1.93310,Xiaojia-Audio,0.54785,-6.49000,Fei - Pressure,2.07220,998.97507,Berj - Pressure,2.01000,1008.43650,Xijia Wang - Elevator (speed),0.24954,7.55170,Guoliang Xu-Elevator(speed),0.24953,5.89060
Jiacong Zhu-Audio,0.62502,2.62960,Xiaojia-Audio,0.65435,-6.34900,Fei - Pressure,3.10740,998.94470,Berj - Pressure,3.02000,1008.42020,Xijia Wang - Elevator (speed),0.29943,-4.51200,Guoliang Xu-Elevator(speed),0.29944,-3.89500
Jiacong Zhu-Audio,0.83336,2.34500,Xiaojia-Audio,0.76547,-6.39900,Fei - Pressure,4.14250,998.88474,Berj - Pressure,4.03000,1008.36660,Xijia Wang - Elevator (speed),0.34936,7.36490,Guoliang Xu-Elevator(speed),0.34935,-5.55300
Jiacong Zhu-Audio,1.04170,2.40620,Xiaojia-Audio,0.87136,-6.44900,Fei - Pressure,5.17870,998.86383,Berj - Pressure,4.37000,1008.30050,Xijia Wang - Elevator (speed),0.39926,6.66550,Guoliang Xu-Elevator(speed),0.39926,1.57660
Jiacong Zhu-Audio,1.25000,2.35030,Xiaojia-Audio,0.98172,-5.90000,Fei - Pressure,6.21460,998.86383,Berj - Pressure,5.45000,1008.28720,Xijia Wang - Elevator (speed),0.44918,1.28720,Guoliang Xu-Elevator(speed),0.44917,8.96880
Jiacong Zhu-Audio,1.45830,1.78670,Xiaojia-Audio,1.08830,-5.13600,Fei - Pressure,7.25100,998.89740,Berj - Pressure,6.52000,1008.21650,Xijia Wang - Elevator (speed),0.49908,1.55200,Guoliang Xu-Elevator(speed),0.49907,1.17110
Jiacong Zhu-Audio,1.66670,2.05320,Xiaojia-Audio,1.19580,-3.57900,Fei - Pressure,7.34030,998.89740,,,,Xijia Wang - Elevator (speed),0.54898,1.50190,Guoliang Xu-Elevator(speed),0.54898,-1.67900
Jiacong Zhu-Audio,1.87500,1.97820,Xiaojia-Audio,1.30520,-3.24900,,,,,,,Xijia Wang - Elevator (speed),0.59890,2.07780,Guoliang Xu-Elevator(speed),0.59889,1.94670
Jiacong Zhu-Audio,2.08340,1.69650,Xiaojia-Audio,1.41060,-3.34400,,,,,,,Xijia Wang - Elevator (speed),0.64880,2.22840,Guoliang Xu-Elevator(speed),0.64880,-1.13300
Jiacong Zhu-Audio,2.29170,1.78160,Xiaojia-Audio,1.52220,-3.36400,,,,,,,Xijia Wang - Elevator (speed),0.69873,1.52530,Guoliang Xu-Elevator(speed),0.69871,9.36410
Jiacong Zhu-Audio,2.50000,2.30150,Xiaojia-Audio,1.62500,-2.93000,,,,,,,Xijia Wang - Elevator (speed),0.74863,8.34410,Guoliang Xu-Elevator(speed),0.74861,2.95490
Jiacong Zhu-Audio,2.70840,2.93920,Xiaojia-Audio,1.73180,-2.88700,,,,,,,Xijia Wang - Elevator (speed),0.79856,-3.59700,Guoliang Xu-Elevator(speed),0.79852,1.51440
Jiacong Zhu-Audio,2.91670,3.53690,Xiaojia-Audio,1.83920,-3.14500,,,,,,,Xijia Wang - Elevator (speed),0.84845,-6.47700,Guoliang Xu-Elevator(speed),0.84843,1.24040
Jiacong Zhu-Audio,3.12510,3.74740,Xiaojia-Audio,1.94870,-2.55900,,,,,,,Xijia Wang - Elevator (speed),0.89838,-1.16400,Guoliang Xu-Elevator(speed),0.89834,5.75780
Jiacong Zhu-Audio,3.33340,3.66240,Xiaojia-Audio,2.05610,-2.70600,,,,,,,Xijia Wang - Elevator (speed),0.94828,-1.20300,Guoliang Xu-Elevator(speed),0.94825,-1.52500
Jiacong Zhu-Audio,3.54180,4.09740,Xiaojia-Audio,2.16540,-3.05900,,,,,,,Xijia Wang - Elevator (speed),0.99817,-7.74900,Guoliang Xu-Elevator(speed),0.99815,-2.37500
Jiacong Zhu-Audio,3.75010,4.37020,Xiaojia-Audio,2.27300,-3.32700,,,,,,,Xijia Wang - Elevator (speed),1.04810,-7.30000,Guoliang Xu-Elevator(speed),1.04800,-1.75200
Jiacong Zhu-Audio,3.95840,4.76240,Xiaojia-Audio,2.38200,-3.02700,,,,,,,Xijia Wang - Elevator (speed),1.09800,-8.61200,Guoliang Xu-Elevator(speed),1.09790,1.60290
Jiacong Zhu-Audio,4.16680,4.46560,Xiaojia-Audio,2.49000,-3.65300,,,,,,,Xijia Wang - Elevator (speed),1.14790,-3.37800,Guoliang Xu-Elevator(speed),1.14780,1.88180
Jiacong Zhu-Audio,4.37510,4.04130,Xiaojia-Audio,2.59830,-3.21900,,,,,,,Xijia Wang - Elevator (speed),1.19780,2.63470,Guoliang Xu-Elevator(speed),1.19770,1.69240
Jiacong Zhu-Audio,4.58350,4.21930,Xiaojia-Audio,2.70700,-3.10300,,,,,,,Xijia Wang - Elevator (speed),1.24770,1.02200,Guoliang Xu-Elevator(speed),1.24760,1.96550
Jiacong Zhu-Audio,4.79180,3.60660,Xiaojia-Audio,2.81280,-3.33900,,,,,,,Xijia Wang - Elevator (speed),1.29760,8.86410,Guoliang Xu-Elevator(speed),1.29760,1.93220
Jiacong Zhu-Audio,5.00010,3.85180,Xiaojia-Audio,2.91430,-3.30700,,,,,,,Xijia Wang - Elevator (speed),1.34750,6.07920,Guoliang Xu-Elevator(speed),1.34750,-3.73800
Jiacong Zhu-Audio,5.20850,4.65290,Xiaojia-Audio,3.02400,-3.10000,,,,,,,Xijia Wang - Elevator (speed),1.39740,-1.29800,Guoliang Xu-Elevator(speed),1.39740,2.73880
Jiacong Zhu-Audio,5.41680,5.16310,Xiaojia-Audio,3.12620,-3.28400,,,,,,,Xijia Wang - Elevator (speed),1.44730,-1.09500,Guoliang Xu-Elevator(speed),1.44730,-2.22200
Jiacong Zhu-Audio,5.62520,6.38570,Xiaojia-Audio,3.23670,-2.95900,,,,,,,Xijia Wang - Elevator (speed),1.49720,-1.80300,Guoliang Xu-Elevator(speed),1.49720,6.88120
Jiacong Zhu-Audio,5.83350,6.60860,Xiaojia-Audio,3.34110,-2.72400,,,,,,,Xijia Wang - Elevator (speed),1.54710,-1.60700,Guoliang Xu-Elevator(speed),1.54710,4.79070
Jiacong Zhu-Audio,6.04180,5.90820,Xiaojia-Audio,3.44860,-2.59400,,,,,,,Xijia Wang - Elevator (speed),1.59710,-4.83100,Guoliang Xu-Elevator(speed),1.59700,5.42440
Jiacong Zhu-Audio,6.25020,5.75000,Xiaojia-Audio,3.55810,-2.83800,,,,,,,Xijia Wang - Elevator (speed),1.64700,-2.98100,Guoliang Xu-Elevator(speed),1.64690,-1.38600
Jiacong Zhu-Audio,6.45850,5.64310,Xiaojia-Audio,3.66530,-3.00400,,,,,,,Xijia Wang - Elevator (speed),1.69680,-4.87600,Guoliang Xu-Elevator(speed),1.69680,-2.21400
Jiacong Zhu-Audio,6.66690,5.73470,Xiaojia-Audio,3.77510,-3.15500,,,,,,,Xijia Wang - Elevator (speed),1.74680,5.86520,Guoliang Xu-Elevator(speed),1.74670,-1.15400
Jiacong Zhu-Audio,6.87520,5.27020,Xiaojia-Audio,3.88200,-3.66300,,,,,,,Xijia Wang - Elevator (speed),1.79670,1.49440,Guoliang Xu-Elevator(speed),1.79660,1.77090
Jiacong Zhu-Audio,7.08360,4.58970,Xiaojia-Audio,3.99200,-3.50400,,,,,,,Xijia Wang - Elevator (speed),1.84660,1.99460,Guoliang Xu-Elevator(speed),1.84650,5.06390
Jiacong Zhu-Audio,7.29190,4.21990,Xiaojia-Audio,4.09860,-2.93600,,,,,,,Xijia Wang - Elevator (speed),1.89650,2.12550,Guoliang Xu-Elevator(speed),1.89650,1.20390
Jiacong Zhu-Audio,7.50020,3.93280,Xiaojia-Audio,4.20900,-3.48900,,,,,,,Xijia Wang - Elevator (speed),1.94640,2.43550,Guoliang Xu-Elevator(speed),1.94640,-4.26300
Jiacong Zhu-Audio,7.70860,4.24170,Xiaojia-Audio,4.31400,-2.88500,,,,,,,Xijia Wang - Elevator (speed),1.99630,2.62190,Guoliang Xu-Elevator(speed),1.99630,1.28410
Jiacong Zhu-Audio,7.91690,3.52580,Xiaojia-Audio,4.42560,-3.51700,,,,,,,Xijia Wang - Elevator (speed),2.04620,3.02760,Guoliang Xu-Elevator(speed),2.04620,-4.06800
Jiacong Zhu-Audio,8.12530,2.64500,Xiaojia-Audio,4.52850,-2.85600,,,,,,,Xijia Wang - Elevator (speed),2.09610,1.53250,Guoliang Xu-Elevator(speed),2.09610,-6.23200
Jiacong Zhu-Audio,8.33360,2.52580,Xiaojia-Audio,4.63150,-3.32600,,,,,,,Xijia Wang - Elevator (speed),2.14600,-1.11800,Guoliang Xu-Elevator(speed),2.14600,8.64900
Jiacong Zhu-Audio,8.54190,2.55060,Xiaojia-Audio,4.73990,-3.37600,,,,,,,Xijia Wang - Elevator (speed),2.19600,-6.94600,Guoliang Xu-Elevator(speed),2.19590,-4.78200
Jiacong Zhu-Audio,8.75030,2.84130,Xiaojia-Audio,4.84840,-3.27700,,,,,,,Xijia Wang - Elevator (speed),2.24590,-1.96700,Guoliang Xu-Elevator(speed),2.24580,3.55000
Jiacong Zhu-Audio,8.95860,2.71390,Xiaojia-Audio,4.95750,-3.59800,,,,,,,Xijia Wang - Elevator (speed),2.29580,-2.36600,Guoliang Xu-Elevator(speed),2.29570,-2.27200
Jiacong Zhu-Audio,9.16700,2.97270,Xiaojia-Audio,5.06530,-3.68200,,,,,,,Xijia Wang - Elevator (speed),2.34570,-1.74500,Guoliang Xu-Elevator(speed),2.34560,2.51380
Jiacong Zhu-Audio,9.37530,3.47270,Xiaojia-Audio,5.17710,-4.40700,,,,,,,Xijia Wang - Elevator (speed),2.39560,-1.25000,Guoliang Xu-Elevator(speed),2.39550,9.79470
Jiacong Zhu-Audio,9.58360,3.89360,Xiaojia-Audio,5.28200,-3.38100,,,,,,,Xijia Wang - Elevator (speed),2.44550,-9.39500,Guoliang Xu-Elevator(speed),2.44540,2.75190
Jiacong Zhu-Audio,9.79200,4.06280,Xiaojia-Audio,5.38580,-3.29900,,,,,,,Xijia Wang - Elevator (speed),2.49540,1.86600,Guoliang Xu-Elevator(speed),2.49530,-1.76000
Jiacong Zhu-Audio,1.00000,3.65780,Xiaojia-Audio,5.49410,-3.56300,,,,,,,Xijia Wang - Elevator (speed),2.54530,5.62140,Guoliang Xu-Elevator(speed),2.54530,-6.15800
Jiacong Zhu-Audio,1.02080,3.39350,Xiaojia-Audio,5.59870,-3.81400,,,,,,,Xijia Wang - Elevator (speed),2.59520,2.06560,Guoliang Xu-Elevator(speed),2.59520,1.53890
Jiacong Zhu-Audio,1.04170,2.83440,Xiaojia-Audio,5.70410,-3.82000,,,,,,,Xijia Wang - Elevator (speed),2.64520,3.21860,Guoliang Xu-Elevator(speed),2.64510,-1.80500
Jiacong Zhu-Audio,1.06250,1.91370,Xiaojia-Audio,5.81530,-4.10700,,,,,,,Xijia Wang - Elevator (speed),2.69500,4.72650,Guoliang Xu-Elevator(speed),2.69500,6.35150
Jiacong Zhu-Audio,1.08330,1.53760,Xiaojia-Audio,5.92610,-4.07200,,,,,,,Xijia Wang - Elevator (speed),2.74500,5.43580,Guoliang Xu-Elevator(speed),2.74490,1.43970
Jiacong Zhu-Audio,1.10420,1.61990,Xiaojia-Audio,6.02970,-4.38700,,,,,,,Xijia Wang - Elevator (speed),2.79480,2.26450,Guoliang Xu-Elevator(speed),2.79480,-3.70800
Jiacong Zhu-Audio,1.12500,9.14600,Xiaojia-Audio,6.13130,-4.29800,,,,,,,Xijia Wang - Elevator (speed),2.84470,1.95670,Guoliang Xu-Elevator(speed),2.84470,-1.39600
Jiacong Zhu-Audio,1.14580,1.07060,Xiaojia-Audio,6.24000,-4.41800,,,,,,,Xijia Wang - Elevator (speed),2.89470,2.06290,Guoliang Xu-Elevator(speed),2.89460,-6.01500
Jiacong Zhu-Audio,1.16670,2.54880,Xiaojia-Audio,6.34830,-3.86600,,,,,,,Xijia Wang - Elevator (speed),2.94460,1.04140,Guoliang Xu-Elevator(speed),2.94450,-4.35900
Jiacong Zhu-Audio,1.18750,2.66380,Xiaojia-Audio,6.45870,-3.56100,,,,,,,Xijia Wang - Elevator (speed),2.99450,1.24980,Guoliang Xu-Elevator(speed),2.99440,2.67390
Jiacong Zhu-Audio,1.20830,2.13980,Xiaojia-Audio,6.56510,-3.36900,,,,,,,Xijia Wang - Elevator (speed),3.04440,1.62710,Guoliang Xu-Elevator(speed),3.04430,-2.48900
Jiacong Zhu-Audio,1.22920,2.38680,Xiaojia-Audio,6.67300,-4.15800,,,,,,,Xijia Wang - Elevator (speed),3.09430,-6.45900,Guoliang Xu-Elevator(speed),3.09420,8.39880
Jiacong Zhu-Audio,1.25000,2.70580,Xiaojia-Audio,6.78190,-4.15800,,,,,,,Xijia Wang - Elevator (speed),3.14420,-9.02700,Guoliang Xu-Elevator(speed),3.14420,8.92960
Jiacong Zhu-Audio,1.27080,1.53530,Xiaojia-Audio,6.88730,-3.66900,,,,,,,Xijia Wang - Elevator (speed),3.19410,-1.17800,Guoliang Xu-Elevator(speed),3.19410,5.62950
Jiacong Zhu-Audio,1.29170,3.27390,Xiaojia-Audio,6.99860,-3.55000,,,,,,,Xijia Wang - Elevator (speed),3.24400,-1.54500,Guoliang Xu-Elevator(speed),3.24400,7.10710
Jiacong Zhu-Audio,1.31250,1.29600,Xiaojia-Audio,7.10130,-3.76400,,,,,,,Xijia Wang - Elevator (speed),3.29390,-2.71400,Guoliang Xu-Elevator(speed),3.29390,1.09700
Jiacong Zhu-Audio,1.33330,-5.15500,Xiaojia-Audio,7.20980,-3.50300,,,,,,,Xijia Wang - Elevator (speed),3.34390,-1.96900,Guoliang Xu-Elevator(speed),3.34380,1.97590
Jiacong Zhu-Audio,1.35420,-5.24900,Xiaojia-Audio,7.31520,-3.76700,,,,,,,Xijia Wang - Elevator (speed),3.39380,-1.72300,Guoliang Xu-Elevator(speed),3.39370,1.57930
Jiacong Zhu-Audio,1.37500,-6.64600,Xiaojia-Audio,7.42000,-3.65500,,,,,,,Xijia Wang - Elevator (speed),3.44370,-8.50000,Guoliang Xu-Elevator(speed),3.44360,-9.04000
Jiacong Zhu-Audio,1.39580,-5.66000,Xiaojia-Audio,7.53020,-3.44700,,,,,,,Xijia Wang - Elevator (speed),3.49360,1.31790,Guoliang Xu-Elevator(speed),3.49350,-1.92600
Jiacong Zhu-Audio,1.41670,-5.45600,Xiaojia-Audio,7.64160,-2.89600,,,,,,,Xijia Wang - Elevator (speed),3.54350,2.91520,Guoliang Xu-Elevator(speed),3.54340,-9.65100
Jiacong Zhu-Audio,1.43750,-6.41900,Xiaojia-Audio,7.74790,-3.68100,,,,,,,Xijia Wang - Elevator (speed),3.59340,2.63690,Guoliang Xu-Elevator(speed),3.59330,-1.17200
Jiacong Zhu-Audio,1.45830,-1.11200,Xiaojia-Audio,7.85950,-3.62100,,,,,,,Xijia Wang - Elevator (speed),3.64330,1.46050,Guoliang Xu-Elevator(speed),3.64320,9.38230
Jiacong Zhu-Audio,1.47920,-6.52900,Xiaojia-Audio,7.96480,-3.67000,,,,,,,Xijia Wang - Elevator (speed),3.69320,1.87210,Guoliang Xu-Elevator(speed),3.69310,1.63690
Jiacong Zhu-Audio,1.50000,-1.19700,Xiaojia-Audio,8.07540,-5.38600,,,,,,,Xijia Wang - Elevator (speed),3.74310,1.39950,Guoliang Xu-Elevator(speed),3.74310,8.44230
Jiacong Zhu-Audio,1.52080,-1.22200,Xiaojia-Audio,8.18100,-4.64600,,,,,,,Xijia Wang - Elevator (speed),3.79310,1.10940,Guoliang Xu-Elevator(speed),3.79300,-3.17700
Jiacong Zhu-Audio,1.54170,-1.77800,Xiaojia-Audio,8.28970,-5.24900,,,,,,,Xijia Wang - Elevator (speed),3.84300,3.14610,Guoliang Xu-Elevator(speed),3.84290,-2.76800
Jiacong Zhu-Audio,1.56250,-2.17400,Xiaojia-Audio,8.39820,-6.08500,,,,,,,Xijia Wang - Elevator (speed),3.89290,-7.59200,Guoliang Xu-Elevator(speed),3.89280,1.48780
Jiacong Zhu-Audio,1.58330,-2.12400,Xiaojia-Audio,8.50390,-6.52800,,,,,,,Xijia Wang - Elevator (speed),3.94280,-9.10300,Guoliang Xu-Elevator(speed),3.94270,3.38810
Jiacong Zhu-Audio,1.60420,-1.81200,Xiaojia-Audio,8.60770,-6.42500,,,,,,,Xijia Wang - Elevator (speed),3.99270,-1.31500,Guoliang Xu-Elevator(speed),3.99260,-3.47400
Jiacong Zhu-Audio,1.62500,-1.51900,Xiaojia-Audio,8.71530,-6.48000,,,,,,,Xijia Wang - Elevator (speed),4.04260,-1.94500,Guoliang Xu-Elevator(speed),4.04250,-1.70100
Jiacong Zhu-Audio,1.64580,-8.46200,Xiaojia-Audio,8.81690,-6.48000,,,,,,,Xijia Wang - Elevator (speed),4.09250,-1.49900,Guoliang Xu-Elevator(speed),4.09240,-2.64400
Jiacong Zhu-Audio,1.66670,1.50180,Xiaojia-Audio,8.91950,-6.56100,,,,,,,Xijia Wang - Elevator (speed),4.14240,2.69120,Guoliang Xu-Elevator(speed),4.14230,1.78760
Jiacong Zhu-Audio,1.68750,5.74930,Xiaojia-Audio,9.02230,-6.53400,,,,,,,Xijia Wang - Elevator (speed),4.19230,2.42180,Guoliang Xu-Elevator(speed),4.19220,7.22950
Jiacong Zhu-Audio,1.70830,-7.82900,Xiaojia-Audio,9.13240,-6.58000,,,,,,,Xijia Wang - Elevator (speed),4.24220,2.72390,Guoliang Xu-Elevator(speed),4.24210,1.04160
Jiacong Zhu-Audio,1.72920,-1.00400,Xiaojia-Audio,9.24400,-6.94700,,,,,,,Xijia Wang - Elevator (speed),4.29210,2.48010,Guoliang Xu-Elevator(speed),4.29200,-3.54400
Jiacong Zhu-Audio,1.75000,-1.66100,Xiaojia-Audio,9.34940,-6.83500,,,,,,,Xijia Wang - Elevator (speed),4.34200,1.68080,Guoliang Xu-Elevator(speed),4.34200,-7.66500
Jiacong Zhu-Audio,1.77090,-3.25900,Xiaojia-Audio,9.45870,-6.60400,,,,,,,Xijia Wang - Elevator (speed),4.39200,1.26250,Guoliang Xu-Elevator(speed),4.39190,3.78440
Jiacong Zhu-Audio,1.79170,-3.76000,Xiaojia-Audio,9.56630,-6.44500,,,,,,,Xijia Wang - Elevator (speed),4.44190,1.35440,Guoliang Xu-Elevator(speed),4.44180,-3.48100
Jiacong Zhu-Audio,1.81250,-3.33800,Xiaojia-Audio,9.67560,-6.67500,,,,,,,Xijia Wang - Elevator (speed),4.49180,-1.09600,Guoliang Xu-Elevator(speed),4.49170,1.02470
Jiacong Zhu-Audio,1.83340,-3.17900,Xiaojia-Audio,9.78330,-6.82500,,,,,,,Xijia Wang - Elevator (speed),4.54170,-2.42600,Guoliang Xu-Elevator(speed),4.54160,-2.88300
Jiacong Zhu-Audio,1.85420,-2.51200,Xiaojia-Audio,9.88930,-6.76200,,,,,,,Xijia Wang - Elevator (speed),4.59160,-3.32200,Guoliang Xu-Elevator(speed),4.59150,-5.19600
Jiacong Zhu-Audio,1.87500,-1.34500,,,,,,,,,,Xijia Wang - Elevator (speed),4.64150,-2.18500,Guoliang Xu-Elevator(speed),4.64140,-3.48100
Jiacong Zhu-Audio,1.89590,-6.34200,,,,,,,,,,Xijia Wang - Elevator (speed),4.69140,-1.46400,Guoliang Xu-Elevator(speed),4.69130,7.56990
Jiacong Zhu-Audio,1.91670,-6.99100,,,,,,,,,,Xijia Wang - Elevator (speed),4.74130,-3.84100,Guoliang Xu-Elevator(speed),4.74120,3.37340
Jiacong Zhu-Audio,1.93750,-1.24200,,,,,,,,,,Xijia Wang - Elevator (speed),4.79120,-1.16700,Guoliang Xu-Elevator(speed),4.79110,6.89890
Jiacong Zhu-Audio,1.95840,-2.11400,,,,,,,,,,Xijia Wang - Elevator (speed),4.84110,3.76690,Guoliang Xu-Elevator(speed),4.84100,9.55530
Jiacong Zhu-Audio,1.97920,-3.26400,,,,,,,,,,Xijia Wang - Elevator (speed),4.89100,8.13890,Guoliang Xu-Elevator(speed),4.89090,-3.03900
Jiacong Zhu-Audio,2.00000,-4.10800,,,,,,,,,,Xijia Wang - Elevator (speed),4.94100,4.67540,Guoliang Xu-Elevator(speed),4.94080,-6.76700
Jiacong Zhu-Audio,2.02090,-4.51600,,,,,,,,,,Xijia Wang - Elevator (speed),4.99090,9.25100,Guoliang Xu-Elevator(speed),4.99080,-4.67200
Jiacong Zhu-Audio,2.04170,-4.56200,,,,,,,,,,Xijia Wang - Elevator (speed),5.04080,2.43830,Guoliang Xu-Elevator(speed),5.04070,4.14900
Jiacong Zhu-Audio,2.06250,-4.33000,,,,,,,,,,Xijia Wang - Elevator (speed),5.09070,1.32680,Guoliang Xu-Elevator(speed),5.09060,9.56660
Jiacong Zhu-Audio,2.08340,-4.35100,,,,,,,,,,Xijia Wang - Elevator (speed),5.14060,1.61990,Guoliang Xu-Elevator(speed),5.14050,-4.85900
Jiacong Zhu-Audio,2.10420,-4.17800,,,,,,,,,,Xijia Wang - Elevator (speed),5.19050,7.72640,Guoliang Xu-Elevator(speed),5.19040,-6.82900
Jiacong Zhu-Audio,2.12500,-3.36800,,,,,,,,,,Xijia Wang - Elevator (speed),5.24040,1.44850,Guoliang Xu-Elevator(speed),5.24030,-9.83900
Jiacong Zhu-Audio,2.14590,-2.76000,,,,,,,,,,Xijia Wang - Elevator (speed),5.29030,1.06790,Guoliang Xu-Elevator(speed),5.29020,-9.21800
Jiacong Zhu-Audio,2.16670,-3.16400,,,,,,,,,,Xijia Wang - Elevator (speed),5.34020,8.31810,Guoliang Xu-Elevator(speed),5.34010,-8.82700
Jiacong Zhu-Audio,2.18750,-3.84000,,,,,,,,,,Xijia Wang - Elevator (speed),5.39010,1.42560,Guoliang Xu-Elevator(speed),5.39000,3.71300
Jiacong Zhu-Audio,2.20840,-4.32000,,,,,,,,,,Xijia Wang - Elevator (speed),5.44000,-5.50200,Guoliang Xu-Elevator(speed),5.43990,-2.16700
Jiacong Zhu-Audio,2.22920,-4.52100,,,,,,,,,,Xijia Wang - Elevator (speed),5.48990,-8.48400,Guoliang Xu-Elevator(speed),5.48980,4.92230
Jiacong Zhu-Audio,2.25000,-4.26100,,,,,,,,,,Xijia Wang - Elevator (speed),5.53990,-1.44500,Guoliang Xu-Elevator(speed),5.53970,4.12820
Jiacong Zhu-Audio,2.27090,-4.85700,,,,,,,,,,Xijia Wang - Elevator (speed),5.58980,-1.25100,Guoliang Xu-Elevator(speed),5.58970,-2.87300
Jiacong Zhu-Audio,2.29170,-5.60800,,,,,,,,,,Xijia Wang - Elevator (speed),5.63970,-7.54600,Guoliang Xu-Elevator(speed),5.63960,7.23200
Jiacong Zhu-Audio,2.31250,-5.31000,,,,,,,,,,Xijia Wang - Elevator (speed),5.68960,-2.44200,Guoliang Xu-Elevator(speed),5.68950,-6.10700
Jiacong Zhu-Audio,2.33340,-4.86300,,,,,,,,,,Xijia Wang - Elevator (speed),5.73950,3.66710,Guoliang Xu-Elevator(speed),5.73940,-6.71000
Jiacong Zhu-Audio,2.35420,-4.61500,,,,,,,,,,Xijia Wang - Elevator (speed),5.78940,1.72380,Guoliang Xu-Elevator(speed),5.78930,3.88770
Jiacong Zhu-Audio,2.37500,-4.81500,,,,,,,,,,Xijia Wang - Elevator (speed),5.83930,1.59000,Guoliang Xu-Elevator(speed),5.83920,6.74630
Jiacong Zhu-Audio,2.39590,-4.94100,,,,,,,,,,Xijia Wang - Elevator (speed),5.88920,2.59850,Guoliang Xu-Elevator(speed),5.88910,7.60130
Jiacong Zhu-Audio,2.41670,-4.66900,,,,,,,,,,Xijia Wang - Elevator (speed),5.93910,1.57170,Guoliang Xu-Elevator(speed),5.93900,5.06840
Jiacong Zhu-Audio,2.43750,-4.47200,,,,,,,,,,Xijia Wang - Elevator (speed),5.98900,-5.08900,Guoliang Xu-Elevator(speed),5.98890,-3.65200
Jiacong Zhu-Audio,2.45840,-4.36700,,,,,,,,,,Xijia Wang - Elevator (speed),6.03890,-3.13200,Guoliang Xu-Elevator(speed),6.03880,7.40950
Jiacong Zhu-Audio,2.47920,-4.03800,,,,,,,,,,Xijia Wang - Elevator (speed),6.08890,-1.33200,Guoliang Xu-Elevator(speed),6.08870,1.79240
Jiacong Zhu-Audio,2.50000,-2.80100,,,,,,,,,,Xijia Wang - Elevator (speed),6.13880,-1.64900,Guoliang Xu-Elevator(speed),6.13860,2.32500
Jiacong Zhu-Audio,2.52090,-1.77600,,,,,,,,,,Xijia Wang - Elevator (speed),6.18870,-1.81500,Guoliang Xu-Elevator(speed),6.18860,1.72540
Jiacong Zhu-Audio,2.54170,-7.14000,,,,,,,,,,Xijia Wang - Elevator (speed),6.23860,-1.66700,Guoliang Xu-Elevator(speed),6.23850,6.37590
Jiacong Zhu-Audio,2.56250,8.89590,,,,,,,,,,Xijia Wang - Elevator (speed),6.28850,-1.77100,Guoliang Xu-Elevator(speed),6.28840,7.93470
Jiacong Zhu-Audio,2.58340,1.26160,,,,,,,,,,Xijia Wang - Elevator (speed),6.33840,-1.15400,Guoliang Xu-Elevator(speed),6.33830,5.46010
Jiacong Zhu-Audio,2.60420,1.52140,,,,,,,,,,Xijia Wang - Elevator (speed),6.38830,1.96630,Guoliang Xu-Elevator(speed),6.38820,1.09410
Jiacong Zhu-Audio,2.62500,1.86760,,,,,,,,,,Xijia Wang - Elevator (speed),6.43820,-7.40400,Guoliang Xu-Elevator(speed),6.43810,3.26690
Jiacong Zhu-Audio,2.64590,1.34690,,,,,,,,,,Xijia Wang - Elevator (speed),6.48810,2.90460,Guoliang Xu-Elevator(speed),6.48800,5.50060
Jiacong Zhu-Audio,2.66670,6.50810,,,,,,,,,,Xijia Wang - Elevator (speed),6.53800,4.43990,Guoliang Xu-Elevator(speed),6.53790,-1.06600
Jiacong Zhu-Audio,2.68760,3.39290,,,,,,,,,,Xijia Wang - Elevator (speed),6.58800,-8.79600,Guoliang Xu-Elevator(speed),6.58780,-1.61000
Jiacong Zhu-Audio,2.70840,6.32580,,,,,,,,,,Xijia Wang - Elevator (speed),6.63790,-5.91500,Guoliang Xu-Elevator(speed),6.63770,-2.94500
Jiacong Zhu-Audio,2.72920,1.22020,,,,,,,,,,Xijia Wang - Elevator (speed),6.68780,-8.13200,Guoliang Xu-Elevator(speed),6.68760,-3.08300
Jiacong Zhu-Audio,2.75010,1.75460,,,,,,,,,,Xijia Wang - Elevator (speed),6.73770,-5.22100,Guoliang Xu-Elevator(speed),6.73750,-2.80300
Jiacong Zhu-Audio,2.77090,9.74060,,,,,,,,,,Xijia Wang - Elevator (speed),6.78760,-2.01000,Guoliang Xu-Elevator(speed),6.78750,-8.73100
Jiacong Zhu-Audio,2.79170,9.43890,,,,,,,,,,Xijia Wang - Elevator (speed),6.83750,2.72860,Guoliang Xu-Elevator(speed),6.83740,5.78640
Jiacong Zhu-Audio,2.81260,1.96840,,,,,,,,,,Xijia Wang - Elevator (speed),6.88740,4.90770,Guoliang Xu-Elevator(speed),6.88730,2.25100
Jiacong Zhu-Audio,2.83340,2.71910,,,,,,,,,,Xijia Wang - Elevator (speed),6.93730,4.86680,Guoliang Xu-Elevator(speed),6.93720,1.46570
Jiacong Zhu-Audio,2.85420,2.48810,,,,,,,,,,Xijia Wang - Elevator (speed),6.98720,8.65030,Guoliang Xu-Elevator(speed),6.98710,1.04300
Jiacong Zhu-Audio,2.87510,2.81490,,,,,,,,,,Xijia Wang - Elevator (speed),7.03710,-2.90400,Guoliang Xu-Elevator(speed),7.03700,5.23400
Jiacong Zhu-Audio,2.89590,2.62330,,,,,,,,,,Xijia Wang - Elevator (speed),7.08700,-2.24900,Guoliang Xu-Elevator(speed),7.08690,7.11640
Jiacong Zhu-Audio,2.91670,1.43890,,,,,,,,,,Xijia Wang - Elevator (speed),7.13700,-4.43700,Guoliang Xu-Elevator(speed),7.13680,6.16460
Jiacong Zhu-Audio,2.93760,7.55300,,,,,,,,,,Xijia Wang - Elevator (speed),7.18690,-1.74100,Guoliang Xu-Elevator(speed),7.18670,5.32230
Jiacong Zhu-Audio,2.95840,6.35770,,,,,,,,,,Xijia Wang - Elevator (speed),7.23680,4.30460,Guoliang Xu-Elevator(speed),7.23660,4.44960
Jiacong Zhu-Audio,2.97920,9.81350,,,,,,,,,,Xijia Wang - Elevator (speed),7.28670,3.84310,Guoliang Xu-Elevator(speed),7.28650,1.77420
Jiacong Zhu-Audio,3.00010,2.02590,,,,,,,,,,Xijia Wang - Elevator (speed),7.33660,1.49390,Guoliang Xu-Elevator(speed),7.33640,1.91990
Jiacong Zhu-Audio,3.02090,1.43410,,,,,,,,,,Xijia Wang - Elevator (speed),7.38650,-9.11500,Guoliang Xu-Elevator(speed),7.38640,3.83800
Jiacong Zhu-Audio,3.04170,1.63620,,,,,,,,,,Xijia Wang - Elevator (speed),7.43640,-4.02800,Guoliang Xu-Elevator(speed),7.43630,-2.13100
Jiacong Zhu-Audio,3.06260,1.23090,,,,,,,,,,Xijia Wang - Elevator (speed),7.48630,-5.27900,Guoliang Xu-Elevator(speed),7.48620,-1.21000
Jiacong Zhu-Audio,3.08340,1.45240,,,,,,,,,,Xijia Wang - Elevator (speed),7.53620,-4.37800,Guoliang Xu-Elevator(speed),7.53610,9.72860
Jiacong Zhu-Audio,3.10420,1.17980,,,,,,,,,,Xijia Wang - Elevator (speed),7.58620,-2.83700,Guoliang Xu-Elevator(speed),7.58600,8.73730
Jiacong Zhu-Audio,3.12510,8.40870,,,,,,,,,,Xijia Wang - Elevator (speed),7.63610,-1.57600,Guoliang Xu-Elevator(speed),7.63590,-9.99900
Jiacong Zhu-Audio,3.14590,9.64610,,,,,,,,,,Xijia Wang - Elevator (speed),7.68600,-4.29700,Guoliang Xu-Elevator(speed),7.68580,-1.86800
Jiacong Zhu-Audio,3.16670,1.23220,,,,,,,,,,Xijia Wang - Elevator (speed),7.73590,-1.72400,Guoliang Xu-Elevator(speed),7.73570,-2.83500
Jiacong Zhu-Audio,3.18760,1.71940,,,,,,,,,,Xijia Wang - Elevator (speed),7.78580,-5.01100,Guoliang Xu-Elevator(speed),7.78560,-1.28000
Jiacong Zhu-Audio,3.20840,1.52010,,,,,,,,,,Xijia Wang - Elevator (speed),7.83570,-1.46800,Guoliang Xu-Elevator(speed),7.83550,-3.70300
Jiacong Zhu-Audio,3.22920,2.34840,,,,,,,,,,Xijia Wang - Elevator (speed),7.88560,-1.23900,Guoliang Xu-Elevator(speed),7.88540,-1.12800
Jiacong Zhu-Audio,3.25010,3.23630,,,,,,,,,,Xijia Wang - Elevator (speed),7.93550,-2.11600,Guoliang Xu-Elevator(speed),7.93530,1.42980
Jiacong Zhu-Audio,3.27090,2.73880,,,,,,,,,,Xijia Wang - Elevator (speed),7.98540,-4.97700,Guoliang Xu-Elevator(speed),7.98530,1.24940
Jiacong Zhu-Audio,3.29170,2.99260,,,,,,,,,,Xijia Wang - Elevator (speed),8.03530,-2.00600,Guoliang Xu-Elevator(speed),8.03520,7.60950
Jiacong Zhu-Audio,3.31260,2.75210,,,,,,,,,,Xijia Wang - Elevator (speed),8.08520,-5.64300,Guoliang Xu-Elevator(speed),8.08510,2.36500
Jiacong Zhu-Audio,3.33340,2.14370,,,,,,,,,,Xijia Wang - Elevator (speed),8.13510,6.45680,Guoliang Xu-Elevator(speed),8.13500,-7.15900
Jiacong Zhu-Audio,3.35420,2.13620,,,,,,,,,,Xijia Wang - Elevator (speed),8.18510,-1.52000,Guoliang Xu-Elevator(speed),8.18490,1.32430
Jiacong Zhu-Audio,3.37510,2.65200,,,,,,,,,,Xijia Wang - Elevator (speed),8.23500,-8.44800,Guoliang Xu-Elevator(speed),8.23480,-2.32200
Jiacong Zhu-Audio,3.39590,3.22060,,,,,,,,,,Xijia Wang - Elevator (speed),8.28490,1.09290,Guoliang Xu-Elevator(speed),8.28470,1.49240
Jiacong Zhu-Audio,3.41670,3.24500,,,,,,,,,,Xijia Wang - Elevator (speed),8.33480,4.33490,Guoliang Xu-Elevator(speed),8.33460,-1.54700
Jiacong Zhu-Audio,3.43760,4.12440,,,,,,,,,,Xijia Wang - Elevator (speed),8.38470,3.87970,Guoliang Xu-Elevator(speed),8.38450,1.01540
Jiacong Zhu-Audio,3.45840,4.71990,,,,,,,,,,Xijia Wang - Elevator (speed),8.43460,5.07010,Guoliang Xu-Elevator(speed),8.43440,2.62470
Jiacong Zhu-Audio,3.47920,4.70720,,,,,,,,,,Xijia Wang - Elevator (speed),8.48450,3.13540,Guoliang Xu-Elevator(speed),8.48430,1.93200
Jiacong Zhu-Audio,3.50010,4.84660,,,,,,,,,,Xijia Wang - Elevator (speed),8.53440,-1.01500,Guoliang Xu-Elevator(speed),8.53430,7.08260
Jiacong Zhu-Audio,3.52090,4.63050,,,,,,,,,,Xijia Wang - Elevator (speed),8.58430,-3.21200,Guoliang Xu-Elevator(speed),8.58420,7.35120
Jiacong Zhu-Audio,3.54180,4.22730,,,,,,,,,,Xijia Wang - Elevator (speed),8.63430,-8.35600,Guoliang Xu-Elevator(speed),8.63410,8.46920
Jiacong Zhu-Audio,3.56260,4.01080,,,,,,,,,,Xijia Wang - Elevator (speed),8.68420,-7.03200,Guoliang Xu-Elevator(speed),8.68400,-6.23000
Jiacong Zhu-Audio,3.58340,3.90280,,,,,,,,,,Xijia Wang - Elevator (speed),8.73410,3.67680,Guoliang Xu-Elevator(speed),8.73390,-1.42700
Jiacong Zhu-Audio,3.60430,3.29850,,,,,,,,,,Xijia Wang - Elevator (speed),8.78400,1.15310,Guoliang Xu-Elevator(speed),8.78380,-1.04500
Jiacong Zhu-Audio,3.62510,3.39790,,,,,,,,,,Xijia Wang - Elevator (speed),8.83390,1.97740,Guoliang Xu-Elevator(speed),8.83370,-1.19100
Jiacong Zhu-Audio,3.64590,3.73940,,,,,,,,,,Xijia Wang - Elevator (speed),8.88380,2.12330,Guoliang Xu-Elevator(speed),8.88360,-1.33400
Jiacong Zhu-Audio,3.66680,4.02130,,,,,,,,,,Xijia Wang - Elevator (speed),8.93370,1.82980,Guoliang Xu-Elevator(speed),8.93350,-1.16100
Jiacong Zhu-Audio,3.68760,4.88160,,,,,,,,,,Xijia Wang - Elevator (speed),8.98360,-1.19800,Guoliang Xu-Elevator(speed),8.98340,4.84260
Jiacong Zhu-Audio,3.70840,5.25360,,,,,,,,,,Xijia Wang - Elevator (speed),9.03350,-5.78600,Guoliang Xu-Elevator(speed),9.03330,1.21370
Jiacong Zhu-Audio,3.72930,5.63490,,,,,,,,,,Xijia Wang - Elevator (speed),9.08340,6.31010,Guoliang Xu-Elevator(speed),9.08320,1.31430
Jiacong Zhu-Audio,3.75010,5.38090,,,,,,,,,,Xijia Wang - Elevator (speed),9.13330,-4.81700,Guoliang Xu-Elevator(speed),9.13320,-2.17800
Jiacong Zhu-Audio,3.77090,5.50870,,,,,,,,,,Xijia Wang - Elevator (speed),9.18320,-8.94300,Guoliang Xu-Elevator(speed),9.18310,-9.18400
Jiacong Zhu-Audio,3.79180,6.54820,,,,,,,,,,Xijia Wang - Elevator (speed),9.23320,-1.94600,Guoliang Xu-Elevator(speed),9.23300,-1.25800
Jiacong Zhu-Audio,3.81260,5.50530,,,,,,,,,,Xijia Wang - Elevator (speed),9.28310,-2.41500,Guoliang Xu-Elevator(speed),9.28290,-2.79500
Jiacong Zhu-Audio,3.83340,4.37200,,,,,,,,,,Xijia Wang - Elevator (speed),9.33300,-1.60700,Guoliang Xu-Elevator(speed),9.33280,2.35730
Jiacong Zhu-Audio,3.85430,4.42830,,,,,,,,,,Xijia Wang - Elevator (speed),9.38290,-1.63200,Guoliang Xu-Elevator(speed),9.38270,-2.35000
Jiacong Zhu-Audio,3.87510,3.69590,,,,,,,,,,Xijia Wang - Elevator (speed),9.43280,1.40990,Guoliang Xu-Elevator(speed),9.43260,7.11910
Jiacong Zhu-Audio,3.89590,3.65040,,,,,,,,,,Xijia Wang - Elevator (speed),9.48270,2.04240,Guoliang Xu-Elevator(speed),9.48250,-9.76500
Jiacong Zhu-Audio,3.91680,4.44740,,,,,,,,,,Xijia Wang - Elevator (speed),9.53260,2.96120,Guoliang Xu-Elevator(speed),9.53240,1.42650
Jiacong Zhu-Audio,3.93760,4.18430,,,,,,,,,,Xijia Wang - Elevator (speed),9.58250,2.68630,Guoliang Xu-Elevator(speed),9.58230,-3.76000
Jiacong Zhu-Audio,3.95840,3.68860,,,,,,,,,,Xijia Wang - Elevator (speed),9.63240,1.23740,Guoliang Xu-Elevator(speed),9.63220,1.21920
Jiacong Zhu-Audio,3.97930,3.92000,,,,,,,,,,Xijia Wang - Elevator (speed),9.68230,6.42320,Guoliang Xu-Elevator(speed),9.68210,-4.85000
Jiacong Zhu-Audio,4.00010,3.95450,,,,,,,,,,Xijia Wang - Elevator (speed),9.73220,-9.49000,Guoliang Xu-Elevator(speed),9.73210,2.22530
Jiacong Zhu-Audio,4.02090,3.62630,,,,,,,,,,Xijia Wang - Elevator (speed),9.78210,-1.88600,Guoliang Xu-Elevator(speed),9.78200,1.37590
Jiacong Zhu-Audio,4.04180,4.03170,,,,,,,,,,Xijia Wang - Elevator (speed),9.83200,-1.80400,Guoliang Xu-Elevator(speed),9.83190,-5.84700
Jiacong Zhu-Audio,4.06260,4.91130,,,,,,,,,,Xijia Wang - Elevator (speed),9.88190,-2.66100,Guoliang Xu-Elevator(speed),9.88180,-1.28900
Jiacong Zhu-Audio,4.08340,5.15900,,,,,,,,,,Xijia Wang - Elevator (speed),9.93190,-2.26600,Guoliang Xu-Elevator(speed),9.93170,-1.07200
Jiacong Zhu-Audio,4.10430,5.11360,,,,,,,,,,Xijia Wang - Elevator (speed),9.98180,-2.36300,Guoliang Xu-Elevator(speed),9.98160,-7.21200
Jiacong Zhu-Audio,4.12510,5.14570,,,,,,,,,,Xijia Wang - Elevator (speed),10.03100,-1.77800,Guoliang Xu-Elevator(speed),10.03100,4.20020
Jiacong Zhu-Audio,4.14590,5.60620,,,,,,,,,,Xijia Wang - Elevator (speed),10.08100,-4.39000,Guoliang Xu-Elevator(speed),10.08100,3.99380
Jiacong Zhu-Audio,4.16680,6.04220,,,,,,,,,,Xijia Wang - Elevator (speed),10.13100,9.81310,Guoliang Xu-Elevator(speed),10.13100,5.49630
Jiacong Zhu-Audio,4.18760,5.48430,,,,,,,,,,Xijia Wang - Elevator (speed),10.18100,2.02330,Guoliang Xu-Elevator(speed),10.18100,-4.44200
Jiacong Zhu-Audio,4.20840,5.59030,,,,,,,,,,Xijia Wang - Elevator (speed),10.23100,2.33850,Guoliang Xu-Elevator(speed),10.23100,1.67250
Jiacong Zhu-Audio,4.22930,5.60410,,,,,,,,,,Xijia Wang - Elevator (speed),10.28100,2.14670,Guoliang Xu-Elevator(speed),10.28100,3.69710
Jiacong Zhu-Audio,4.25010,5.20610,,,,,,,,,,Xijia Wang - Elevator (speed),10.33100,1.89130,Guoliang Xu-Elevator(speed),10.33100,-1.34000
Jiacong Zhu-Audio,4.27090,6.62910,,,,,,,,,,Xijia Wang - Elevator (speed),10.38100,5.40340,Guoliang Xu-Elevator(speed),10.38000,7.34010
Jiacong Zhu-Audio,4.29180,7.45630,,,,,,,,,,Xijia Wang - Elevator (speed),10.43000,-6.09500,Guoliang Xu-Elevator(speed),10.43000,-1.05200
Jiacong Zhu-Audio,4.31260,6.96120,,,,,,,,,,Xijia Wang - Elevator (speed),10.48000,-1.29800,Guoliang Xu-Elevator(speed),10.48000,-4.09400
Jiacong Zhu-Audio,4.33340,7.33370,,,,,,,,,,Xijia Wang - Elevator (speed),10.53000,-6.48100,Guoliang Xu-Elevator(speed),10.53000,2.61190
Jiacong Zhu-Audio,4.35430,7.80270,,,,,,,,,,Xijia Wang - Elevator (speed),10.58000,-5.92700,Guoliang Xu-Elevator(speed),10.58000,1.50920
Jiacong Zhu-Audio,4.37510,7.46080,,,,,,,,,,Xijia Wang - Elevator (speed),10.63000,-6.96800,Guoliang Xu-Elevator(speed),10.63000,-2.95200
Jiacong Zhu-Audio,4.39590,7.55660,,,,,,,,,,Xijia Wang - Elevator (speed),10.68000,-1.12700,Guoliang Xu-Elevator(speed),10.68000,8.30700
Jiacong Zhu-Audio,4.41680,7.68670,,,,,,,,,,Xijia Wang - Elevator (speed),10.73000,-1.06900,Guoliang Xu-Elevator(speed),10.73000,3.07350
Jiacong Zhu-Audio,4.43760,6.85790,,,,,,,,,,Xijia Wang - Elevator (speed),10.78000,1.82190,Guoliang Xu-Elevator(speed),10.78000,1.71650
Jiacong Zhu-Audio,4.45850,6.87890,,,,,,,,,,,,,Guoliang Xu-Elevator(speed),10.83000,2.14530
Jiacong Zhu-Audio,4.47930,7.24440,,,,,,,,,,,,,Guoliang Xu-Elevator(speed),10.88000,7.61720
Jiacong Zhu-Audio,4.50010,7.06140,,,,,,,,,,,,,Guoliang Xu-Elevator(speed),10.92900,-3.74000
Jiacong Zhu-Audio,4.52100,7.30510,,,,,,,,,,,,,Guoliang Xu-Elevator(speed),10.97900,-3.80100
Jiacong Zhu-Audio,4.54180,7.06750,,,,,,,,,,,,,Guoliang Xu-Elevator(speed),11.02900,-2.44400
Jiacong Zhu-Audio,4.56260,7.17410,,,,,,,,,,,,,Guoliang Xu-Elevator(speed),11.07900,-1.08100
Jiacong Zhu-Audio,4.58350,7.92450,,,,,,,,,,,,,,,
Jiacong Zhu-Audio,4.60430,7.56750,,,,,,,,,,,,,,,
Jiacong Zhu-Audio,4.62510,7.60650,,,,,,,,,,,,,,,
Jiacong Zhu-Audio,4.64600,7.45330,,,,,,,,,,,,,,,
Jiacong Zhu-Audio,4.66680,6.37680,,,,,,,,,,,,,,,
Jiacong Zhu-Audio,4.68760,6.72420,,,,,,,,,,,,,,,
Jiacong Zhu-Audio,4.70850,6.83870,,,,,,,,,,,,,,,
Jiacong Zhu-Audio,4.72930,6.13740,,,,,,,,,,,,,,,
Jiacong Zhu-Audio,4.75010,6.37900,,,,,,,,,,,,,,,
Jiacong Zhu-Audio,4.77100,6.36150,,,,,,,,,,,,,,,
Jiacong Zhu-Audio,4.79180,6.12000,,,,,,,,,,,,,,,
Jiacong Zhu-Audio,4.81260,6.45210,,,,,,,,,,,,,,,
Jiacong Zhu-Audio,4.83350,6.77450,,,,,,,,,,,,,,,
Jiacong Zhu-Audio,4.85430,6.74110,,,,,,,,,,,,,,,
Jiacong Zhu-Audio,4.87510,6.65050,,,,,,,,,,,,,,,
Jiacong Zhu-Audio,4.89600,6.85510,,,,,,,,,,,,,,,
Jiacong Zhu-Audio,4.91680,6.59390,,,,,,,,,,,,,,,
Jiacong Zhu-Audio,4.93760,5.76600,,,,,,,,,,,,,,,
Jiacong Zhu-Audio,4.95850,5.08830,,,,,,,,,,,,,,,
Jiacong Zhu-Audio,4.97930,5.14820,,,,,,,,,,,,,,,
Jiacong Zhu-Audio,5.00010,5.28240,,,,,,,,,,,,,,,
Jiacong Zhu-Audio,5.02100,4.65050,,,,,,,,,,,,,,,
Jiacong Zhu-Audio,5.04180,4.44890,,,,,,,,,,,,,,,
Jiacong Zhu-Audio,5.06260,4.56260,,,,,,,,,,,,,,,
Jiacong Zhu-Audio,5.08350,4.53850,,,,,,,,,,,,,,,
Jiacong Zhu-Audio,5.10430,5.32240,,,,,,,,,,,,,,,
Jiacong Zhu-Audio,5.12510,6.18750,,,,,,,,,,,,,,,
Jiacong Zhu-Audio,5.14600,6.27010,,,,,,,,,,,,,,,
Jiacong Zhu-Audio,5.16680,6.17460,,,,,,,,,,,,,,,
Jiacong Zhu-Audio,5.18760,6.06760,,,,,,,,,,,,,,,
Jiacong Zhu-Audio,5.20850,6.04120,,,,,,,,,,,,,,,
Jiacong Zhu-Audio,5.22930,6.01640,,,,,,,,,,,,,,,
Jiacong Zhu-Audio,5.25010,5.95110,,,,,,,,,,,,,,,
Jiacong Zhu-Audio,5.27100,5.81090,,,,,,,,,,,,,,,
Jiacong Zhu-Audio,5.29180,5.69120,,,,,,,,,,,,,,,
Jiacong Zhu-Audio,5.31270,5.90000,,,,,,,,,,,,,,,
Jiacong Zhu-Audio,5.33350,5.73070,,,,,,,,,,,,,,,
Jiacong Zhu-Audio,5.35430,5.89300,,,,,,,,,,,,,,,
Jiacong Zhu-Audio,5.37520,6.31160,,,,,,,,,,,,,,,
Jiacong Zhu-Audio,5.39600,6.20350,,,,,,,,,,,,,,,
Jiacong Zhu-Audio,5.41680,6.38140,,,,,,,,,,,,,,,
Jiacong Zhu-Audio,5.43770,6.42280,,,,,,,,,,,,,,,
Jiacong Zhu-Audio,5.45850,6.43630,,,,,,,,,,,,,,,
Jiacong Zhu-Audio,5.47930,6.37210,,,,,,,,,,,,,,,
Jiacong Zhu-Audio,5.50020,5.87360,,,,,,,,,,,,,,,
Jiacong Zhu-Audio,5.52100,5.51520,,,,,,,,,,,,,,,
Jiacong Zhu-Audio,5.54180,5.37020,,,,,,,,,,,,,,,
Jiacong Zhu-Audio,5.56270,5.34100,,,,,,,,,,,,,,,
Jiacong Zhu-Audio,5.58350,5.59170,,,,,,,,,,,,,,,
Jiacong Zhu-Audio,5.60430,5.58080,,,,,,,,,,,,,,,
Jiacong Zhu-Audio,5.62520,4.29910,,,,,,,,,,,,,,,
Jiacong Zhu-Audio,5.64600,3.71360,,,,,,,,,,,,,,,
Jiacong Zhu-Audio,5.66680,3.73810,,,,,,,,,,,,,,,
Jiacong Zhu-Audio,5.68770,3.67330,,,,,,,,,,,,,,,
Jiacong Zhu-Audio,5.70850,4.37370,,,,,,,,,,,,,,,
Jiacong Zhu-Audio,5.72930,3.84300,,,,,,,,,,,,,,,
Jiacong Zhu-Audio,5.75020,3.52440,,,,,,,,,,,,,,,
Jiacong Zhu-Audio,5.77100,3.78610,,,,,,,,,,,,,,,
Jiacong Zhu-Audio,5.79180,3.77650,,,,,,,,,,,,,,,
Jiacong Zhu-Audio,5.81270,3.97160,,,,,,,,,,,,,,,
Jiacong Zhu-Audio,5.83350,3.24350,,,,,,,,,,,,,,,
Jiacong Zhu-Audio,5.85430,2.91780,,,,,,,,,,,,,,,
Jiacong Zhu-Audio,5.87520,2.76180,,,,,,,,,,,,,,,
Jiacong Zhu-Audio,5.89600,2.09250,,,,,,,,,,,,,,,
Jiacong Zhu-Audio,5.91680,1.87790,,,,,,,,,,,,,,,
Jiacong Zhu-Audio,5.93770,2.65780,,,,,,,,,,,,,,,
Jiacong Zhu-Audio,5.95850,3.57920,,,,,,,,,,,,,,,
Jiacong Zhu-Audio,5.97930,3.60900,,,,,,,,,,,,,,,
Jiacong Zhu-Audio,6.00020,4.17180,,,,,,,,,,,,,,,
Jiacong Zhu-Audio,6.02100,4.62490,,,,,,,,,,,,,,,
Jiacong Zhu-Audio,6.04180,3.82880,,,,,,,,,,,,,,,
Jiacong Zhu-Audio,6.06270,3.67560,,,,,,,,,,,,,,,
Jiacong Zhu-Audio,6.08350,4.29920,,,,,,,,,,,,,,,
Jiacong Zhu-Audio,6.10430,3.55260,,,,,,,,,,,,,,,
Jiacong Zhu-Audio,6.12520,3.04740,,,,,,,,,,,,,,,
Jiacong Zhu-Audio,6.14600,3.51500,,,,,,,,,,,,,,,
Jiacong Zhu-Audio,6.16690,3.13780,,,,,,,,,,,,,,,
Jiacong Zhu-Audio,6.18770,3.16740,,,,,,,,,,,,,,,
Jiacong Zhu-Audio,6.20850,3.56750,,,,,,,,,,,,,,,
Jiacong Zhu-Audio,6.22940,3.93120,,,,,,,,,,,,,,,
Jiacong Zhu-Audio,6.25020,4.37260,,,,,,,,,,,,,,,
Jiacong Zhu-Audio,6.27100,4.44680,,,,,,,,,,,,,,,
Jiacong Zhu-Audio,6.29190,4.90250,,,,,,,,,,,,,,,
Jiacong Zhu-Audio,6.31270,5.18030,,,,,,,,,,,,,,,
Jiacong Zhu-Audio,6.33350,4.71170,,,,,,,,,,,,,,,
Jiacong Zhu-Audio,6.35440,4.13400,,,,,,,,,,,,,,,
Jiacong Zhu-Audio,6.37520,4.49960,,,,,,,,,,,,,,,
Jiacong Zhu-Audio,6.39600,4.77480,,,,,,,,,,,,,,,
Jiacong Zhu-Audio,6.41690,3.86470,,,,,,,,,,,,,,,
Jiacong Zhu-Audio,6.43770,3.51480,,,,,,,,,,,,,,,
Jiacong Zhu-Audio,6.45850,3.52850,,,,,,,,,,,,,,,
Jiacong Zhu-Audio,6.47940,3.27960,,,,,,,,,,,,,,,
Jiacong Zhu-Audio,6.50020,3.09860,,,,,,,,,,,,,,,
Jiacong Zhu-Audio,6.52100,3.12870,,,,,,,,,,,,,,,
Jiacong Zhu-Audio,6.54190,3.25200,,,,,,,,,,,,,,,
Jiacong Zhu-Audio,6.56270,3.39150,,,,,,,,,,,,,,,
Jiacong Zhu-Audio,6.58350,3.74030,,,,,,,,,,,,,,,
Jiacong Zhu-Audio,6.60440,3.62970,,,,,,,,,,,,,,,
Jiacong Zhu-Audio,6.62520,3.40330,,,,,,,,,,,,,,,
Jiacong Zhu-Audio,6.64600,3.76250,,,,,,,,,,,,,,,
Jiacong Zhu-Audio,6.66690,4.02460,,,,,,,,,,,,,,,
Jiacong Zhu-Audio,6.68770,3.39750,,,,,,,,,,,,,,,
Jiacong Zhu-Audio,6.70850,3.08260,,,,,,,,,,,,,,,
Jiacong Zhu-Audio,6.72940,3.07010,,,,,,,,,,,,,,,
Jiacong Zhu-Audio,6.75020,2.47560,,,,,,,,,,,,,,,
Jiacong Zhu-Audio,6.77100,2.63010,,,,,,,,,,,,,,,
Jiacong Zhu-Audio,6.79190,2.70600,,,,,,,,,,,,,,,
Jiacong Zhu-Audio,6.81270,2.65790,,,,,,,,,,,,,,,
Jiacong Zhu-Audio,6.83350,2.91400,,,,,,,,,,,,,,,
Jiacong Zhu-Audio,6.85440,2.70000,,,,,,,,,,,,,,,
Jiacong Zhu-Audio,6.87520,3.53440,,,,,,,,,,,,,,,
Jiacong Zhu-Audio,6.89600,4.01260,,,,,,,,,,,,,,,
Jiacong Zhu-Audio,6.91690,4.02440,,,,,,,,,,,,,,,
Jiacong Zhu-Audio,6.93770,4.98010,,,,,,,,,,,,,,,
Jiacong Zhu-Audio,6.95850,4.74200,,,,,,,,,,,,,,,
Jiacong Zhu-Audio,6.97940,4.79890,,,,,,,,,,,,,,,
Jiacong Zhu-Audio,7.00020,5.22380,,,,,,,,,,,,,,,
Jiacong Zhu-Audio,7.02100,4.43870,,,,,,,,,,,,,,,
Jiacong Zhu-Audio,7.04190,4.17100,,,,,,,,,,,,,,,
Jiacong Zhu-Audio,7.06270,4.12570,,,,,,,,,,,,,,,
Jiacong Zhu-Audio,7.08360,4.13160,,,,,,,,,,,,,,,
Jiacong Zhu-Audio,7.10440,4.41470,,,,,,,,,,,,,,,
Jiacong Zhu-Audio,7.12520,4.84740,,,,,,,,,,,,,,,
Jiacong Zhu-Audio,7.14610,5.03340,,,,,,,,,,,,,,,
Jiacong Zhu-Audio,7.16690,4.94750,,,,,,,,,,,,,,,
Jiacong Zhu-Audio,7.18770,5.83430,,,,,,,,,,,,,,,
Jiacong Zhu-Audio,7.20860,6.41080,,,,,,,,,,,,,,,
Jiacong Zhu-Audio,7.22940,6.06570,,,,,,,,,,,,,,,
Jiacong Zhu-Audio,7.25020,6.17420,,,,,,,,,,,,,,,
Jiacong Zhu-Audio,7.27110,6.59320,,,,,,,,,,,,,,,
Jiacong Zhu-Audio,7.29190,5.88270,,,,,,,,,,,,,,,
Jiacong Zhu-Audio,7.31270,4.96910,,,,,,,,,,,,,,,
Jiacong Zhu-Audio,7.33360,5.00370,,,,,,,,,,,,,,,
Jiacong Zhu-Audio,7.35440,4.61380,,,,,,,,,,,,,,,
Jiacong Zhu-Audio,7.37520,4.56130,,,,,,,,,,,,,,,
Jiacong Zhu-Audio,7.39610,4.82460,,,,,,,,,,,,,,,
Jiacong Zhu-Audio,7.41690,4.60670,,,,,,,,,,,,,,,
Jiacong Zhu-Audio,7.43770,4.33190,,,,,,,,,,,,,,,
Jiacong Zhu-Audio,7.45860,4.47660,,,,,,,,,,,,,,,
Jiacong Zhu-Audio,7.47940,5.21960,,,,,,,,,,,,,,,
Jiacong Zhu-Audio,7.50020,5.25840,,,,,,,,,,,,,,,
Jiacong Zhu-Audio,7.52110,5.89160,,,,,,,,,,,,,,,
Jiacong Zhu-Audio,7.54190,6.39480,,,,,,,,,,,,,,,
Jiacong Zhu-Audio,7.56270,5.35490,,,,,,,,,,,,,,,
Jiacong Zhu-Audio,7.58360,4.42440,,,,,,,,,,,,,,,
Jiacong Zhu-Audio,7.60440,3.44540,,,,,,,,,,,,,,,
Jiacong Zhu-Audio,7.62520,3.10890,,,,,,,,,,,,,,,
Jiacong Zhu-Audio,7.64610,2.77280,,,,,,,,,,,,,,,
Jiacong Zhu-Audio,7.66690,2.07880,,,,,,,,,,,,,,,
Jiacong Zhu-Audio,7.68770,2.89000,,,,,,,,,,,,,,,
Jiacong Zhu-Audio,7.70860,3.76320,,,,,,,,,,,,,,,
Jiacong Zhu-Audio,7.72940,3.89090,,,,,,,,,,,,,,,
Jiacong Zhu-Audio,7.75020,4.79920,,,,,,,,,,,,,,,
Jiacong Zhu-Audio,7.77110,5.43160,,,,,,,,,,,,,,,
Jiacong Zhu-Audio,7.79190,4.86150,,,,,,,,,,,,,,,
Jiacong Zhu-Audio,7.81270,4.64840,,,,,,,,,,,,,,,
Jiacong Zhu-Audio,7.83360,4.66310,,,,,,,,,,,,,,,
Jiacong Zhu-Audio,7.85440,4.18710,,,,,,,,,,,,,,,
Jiacong Zhu-Audio,7.87520,4.01660,,,,,,,,,,,,,,,
Jiacong Zhu-Audio,7.89610,3.85100,,,,,,,,,,,,,,,
Jiacong Zhu-Audio,7.91690,3.34700,,,,,,,,,,,,,,,
Jiacong Zhu-Audio,7.93780,3.12820,,,,,,,,,,,,,,,
Jiacong Zhu-Audio,7.95860,2.66080,,,,,,,,,,,,,,,
Jiacong Zhu-Audio,7.97940,2.10160,,,,,,,,,,,,,,,
Jiacong Zhu-Audio,8.00030,2.03370,,,,,,,,,,,,,,,
Jiacong Zhu-Audio,8.02110,1.85820,,,,,,,,,,,,,,,
Jiacong Zhu-Audio,8.04190,1.77390,,,,,,,,,,,,,,,
Jiacong Zhu-Audio,8.06280,1.79510,,,,,,,,,,,,,,,
Jiacong Zhu-Audio,8.08360,2.40410,,,,,,,,,,,,,,,
Jiacong Zhu-Audio,8.10440,3.27830,,,,,,,,,,,,,,,
Jiacong Zhu-Audio,8.12530,3.31760,,,,,,,,,,,,,,,
Jiacong Zhu-Audio,8.14610,3.36410,,,,,,,,,,,,,,,
Jiacong Zhu-Audio,8.16690,2.61530,,,,,,,,,,,,,,,
Jiacong Zhu-Audio,8.18780,1.89590,,,,,,,,,,,,,,,
Jiacong Zhu-Audio,8.20860,2.08570,,,,,,,,,,,,,,,
Jiacong Zhu-Audio,8.22940,1.52410,,,,,,,,,,,,,,,
Jiacong Zhu-Audio,8.25030,1.33220,,,,,,,,,,,,,,,
Jiacong Zhu-Audio,8.27110,1.15970,,,,,,,,,,,,,,,
Jiacong Zhu-Audio,8.29190,1.25460,,,,,,,,,,,,,,,
Jiacong Zhu-Audio,8.31280,2.15320,,,,,,,,,,,,,,,
Jiacong Zhu-Audio,8.33360,2.12460,,,,,,,,,,,,,,,
Jiacong Zhu-Audio,8.35440,2.26180,,,,,,,,,,,,,,,
Jiacong Zhu-Audio,8.37530,2.76510,,,,,,,,,,,,,,,
Jiacong Zhu-Audio,8.39610,1.99040,,,,,,,,,,,,,,,
Jiacong Zhu-Audio,8.41690,6.14620,,,,,,,,,,,,,,,
Jiacong Zhu-Audio,8.43780,2.29820,,,,,,,,,,,,,,,
Jiacong Zhu-Audio,8.45860,1.72350,,,,,,,,,,,,,,,
Jiacong Zhu-Audio,8.47940,3.25350,,,,,,,,,,,,,,,
Jiacong Zhu-Audio,8.50030,8.46750,,,,,,,,,,,,,,,
Jiacong Zhu-Audio,8.52110,-1.20500,,,,,,,,,,,,,,,
Jiacong Zhu-Audio,8.54190,-7.78200,,,,,,,,,,,,,,,
Jiacong Zhu-Audio,8.56280,4.69740,,,,,,,,,,,,,,,
Jiacong Zhu-Audio,8.58360,7.07680,,,,,,,,,,,,,,,
Jiacong Zhu-Audio,8.60440,-5.76500,,,,,,,,,,,,,,,
Jiacong Zhu-Audio,8.62530,9.46420,,,,,,,,,,,,,,,
Jiacong Zhu-Audio,8.64610,1.20520,,,,,,,,,,,,,,,
Jiacong Zhu-Audio,8.66690,7.70820,,,,,,,,,,,,,,,
Jiacong Zhu-Audio,8.68780,1.32090,,,,,,,,,,,,,,,
Jiacong Zhu-Audio,8.70860,1.39420,,,,,,,,,,,,,,,
Jiacong Zhu-Audio,8.72940,4.08180,,,,,,,,,,,,,,,
Jiacong Zhu-Audio,8.75030,-2.29900,,,,,,,,,,,,,,,
Jiacong Zhu-Audio,8.77110,-3.39700,,,,,,,,,,,,,,,
Jiacong Zhu-Audio,8.79190,-1.44100,,,,,,,,,,,,,,,
Jiacong Zhu-Audio,8.81280,-2.44800,,,,,,,,,,,,,,,
Jiacong Zhu-Audio,8.83360,-2.28400,,,,,,,,,,,,,,,
Jiacong Zhu-Audio,8.85450,-2.09600,,,,,,,,,,,,,,,
Jiacong Zhu-Audio,8.87530,-1.67400,,,,,,,,,,,,,,,
Jiacong Zhu-Audio,8.89610,-8.29600,,,,,,,,,,,,,,,
Jiacong Zhu-Audio,8.91700,2.35550,,,,,,,,,,,,,,,
Jiacong Zhu-Audio,8.93780,8.95370,,,,,,,,,,,,,,,
Jiacong Zhu-Audio,8.95860,8.06770,,,,,,,,,,,,,,,
Jiacong Zhu-Audio,8.97950,1.30890,,,,,,,,,,,,,,,
Jiacong Zhu-Audio,9.00030,1.37300,,,,,,,,,,,,,,,
Jiacong Zhu-Audio,9.02110,1.03990,,,,,,,,,,,,,,,
Jiacong Zhu-Audio,9.04200,5.59850,,,,,,,,,,,,,,,
Jiacong Zhu-Audio,9.06280,-5.92800,,,,,,,,,,,,,,,
Jiacong Zhu-Audio,9.08360,-1.30900,,,,,,,,,,,,,,,
Jiacong Zhu-Audio,9.10450,-2.02300,,,,,,,,,,,,,,,
Jiacong Zhu-Audio,9.12530,-1.27200,,,,,,,,,,,,,,,
Jiacong Zhu-Audio,9.14610,-7.85100,,,,,,,,,,,,,,,
Jiacong Zhu-Audio,9.16700,-1.24600,,,,,,,,,,,,,,,
Jiacong Zhu-Audio,9.18780,-6.82500,,,,,,,,,,,,,,,
Jiacong Zhu-Audio,9.20860,-8.55600,,,,,,,,,,,,,,,
Jiacong Zhu-Audio,9.22950,-5.97400,,,,,,,,,,,,,,,
Jiacong Zhu-Audio,9.25030,-1.82200,,,,,,,,,,,,,,,
Jiacong Zhu-Audio,9.27110,1.05260,,,,,,,,,,,,,,,
Jiacong Zhu-Audio,9.29200,-1.60800,,,,,,,,,,,,,,,
Jiacong Zhu-Audio,9.31280,-9.43500,,,,,,,,,,,,,,,
Jiacong Zhu-Audio,9.33360,-9.78500,,,,,,,,,,,,,,,
Jiacong Zhu-Audio,9.35450,-1.38600,,,,,,,,,,,,,,,
Jiacong Zhu-Audio,9.37530,-8.99200,,,,,,,,,,,,,,,
Jiacong Zhu-Audio,9.39610,6.78790,,,,,,,,,,,,,,,
Jiacong Zhu-Audio,9.41700,1.02210,,,,,,,,,,,,,,,
Jiacong Zhu-Audio,9.43780,3.93370,,,,,,,,,,,,,,,
Jiacong Zhu-Audio,9.45860,3.35000,,,,,,,,,,,,,,,
Jiacong Zhu-Audio,9.47950,7.75780,,,,,,,,,,,,,,,
Jiacong Zhu-Audio,9.50030,4.85520,,,,,,,,,,,,,,,
Jiacong Zhu-Audio,9.52110,4.11690,,,,,,,,,,,,,,,
Jiacong Zhu-Audio,9.54200,5.29820,,,,,,,,,,,,,,,
Jiacong Zhu-Audio,9.56280,-1.49300,,,,,,,,,,,,,,,
Jiacong Zhu-Audio,9.58360,2.20210,,,,,,,,,,,,,,,
Jiacong Zhu-Audio,9.60450,-3.80400,,,,,,,,,,,,,,,
Jiacong Zhu-Audio,9.62530,4.21930,,,,,,,,,,,,,,,
Jiacong Zhu-Audio,9.64610,1.43920,,,,,,,,,,,,,,,
Jiacong Zhu-Audio,9.66700,4.08060,,,,,,,,,,,,,,,
Jiacong Zhu-Audio,9.68780,1.69800,,,,,,,,,,,,,,,
Jiacong Zhu-Audio,9.70870,1.03440,,,,,,,,,,,,,,,
Jiacong Zhu-Audio,9.72950,9.93150,,,,,,,,,,,,,,,
Jiacong Zhu-Audio,9.75030,1.42510,,,,,,,,,,,,,,,
Jiacong Zhu-Audio,9.77120,1.30340,,,,,,,,,,,,,,,
Jiacong Zhu-Audio,9.79200,2.03430,,,,,,,,,,,,,,,
Jiacong Zhu-Audio,9.81280,1.51440,,,,,,,,,,,,,,,
Jiacong Zhu-Audio,9.83370,1.36040,,,,,,,,,,,,,,,
Jiacong Zhu-Audio,9.85450,1.54580,,,,,,,,,,,,,,,
Jiacong Zhu-Audio,9.87530,6.65760,,,,,,,,,,,,,,,
Jiacong Zhu-Audio,9.89620,5.78370,,,,,,,,,,,,,,,
Jiacong Zhu-Audio,9.91700,8.66090,,,,,,,,,,,,,,,
Jiacong Zhu-Audio,9.93780,1.11600,,,,,,,,,,,,,,,
Jiacong Zhu-Audio,9.95870,1.14910,,,,,,,,,,,,,,,
Jiacong Zhu-Audio,9.97950,1.14830,,,,,,,,,,,,,,,